{
  "timestamp": 1755668854.0959241,
  "total_operations": 100,
  "operations": [
    {
      "operation_name": "format_operation",
      "total_calls": 100,
      "avg_duration_ms": 0.011075005168095231,
      "recent_avg_duration_ms": 0.011075005168095231,
      "min_duration_ms": 0.005299923941493034,
      "max_duration_ms": 0.06809993647038937,
      "duration_std_ms": 0.009851978603517489,
      "avg_memory_usage_mb": 0.0,
      "calls_per_second": 90293.41158962078
    }
  ]
}